"estimateUncomParameter", 1
1263
1732
1840
1981
1887
1606
2823
1653
3978
7051
4025
4462
1450
2168
1950
2215
4664
2605
2262
5148
3105
1606
3073
764
1310
6411
4352
1638
2854
2496
4882
5772
1825
4664
10592
6942
1903
1965
2230
5756
1762
764
5053
2854
3010
6864
2745
6552
3962
2527
3712
7051
9812
2215
3462
2230
3775
2262
2168
2028
3151
6802
4399
265
2106
1684
3759
2793
5335
5896
2277
1840
3837
2262
5522
6006
2121
1154
1419
4134
1029
2449
1138
2511
1014
1311
1092
842
2106
4164
4914
1762
2839
2308
795
1186
2121
6989
3338
